{"dashboard_elements":[{"name":"Pagina Produselor","link":"index","entypo":"&#8962;","color":"#3498db","class":"home", "hover_content" : "<p class=\"alternative\">This is the hover content, lol I feel funny</p>"},{"name":"Ordinele mele","link":"shop\/orders\/index","entypo":"&#62977;","color":"#2ecc71","class":"my-orders", "hover_content" : "<p class=\"alternative\">This is the hover content, lol I feel funny</p>"},{"name":"Portofel","link":"shop\/my-earnings","entypo":"&#128710;","color":"#2ecc71","class":"wallet", "hover_content" : "<p class=\"alternative\">This is the hover content, lol I feel funny</p>"},{"name":"Payment Types","link":"shop-administration\/payment-type\/index","entypo":"&#128203;","color":"#e67e22","class":"payment-types", "hover_content" : "<p class=\"alternative\">This is the hover content, lol I feel funny</p>" },{"name":"Payment Extra Fields","link":"shop-administration\/payment-type-extra-field\/index","entypo":"&#57347;","color":"#e67e22","class":"payment-extra-fields", "hover_content" : "<p class=\"alternative\">This is the hover content, lol I feel funny</p>" },{"name":"Payment Status List","link":"shop-administration\/payment-type-order-status\/index","entypo":"&#57349;","color":"#e67e22","class":"payment-status-list", "hover_content" : "<p class=\"alternative\">This is the hover content, lol I feel funny</p>" },{"name":"Shipping Types","link":"shop-administration\/shipping-type\/index","entypo":"&#9992;","color":"#f1c40f","class":"shipping-types", "hover_content" : "<p class=\"alternative\">This is the hover content, lol I feel funny</p>" },{"name":"Shipping Extra Fields","link":"shop-administration\/shipping-type-extra-field\/index","entypo":"&#57347;","color":"#f1c40f","class":"shipping-extra-fields", "hover_content" : "<p class=\"alternative\">This is the hover content, lol I feel funny</p>" },{"name":"Shipping Status Administration","link":"shop-administration\/shipping-type-order-status\/index","entypo":"&#57349;","color":"#f1c40f","class":"shipping-status-list", "hover_content" : "<p class=\"alternative\">This is the hover content, lol I feel funny</p>" },{"name":"Product Administration","link":"shop-administration\/product\/index","entypo":"&#128213;","color":"#e74c3c","class":"product-list", "hover_content" : "<p class=\"alternative\">This is the hover content, lol I feel funny</p>" },{"name":"Product Category Administration","link":"shop-administration\/product-category\/index","entypo":"&#59392;","color":"#e74c3c","class":"product-category-list", "hover_content" : "<p class=\"alternative\">This is the hover content, lol I feel funny</p>" },{"name":"Product Department Administration","link":"shop-administration\/product-category\/index","entypo":"&#128193;","color":"#e74c3c","class":"product-department-list", "hover_content" : "<p class=\"alternative\">This is the hover content, lol I feel funny</p>" },{"name":"User Administration","link":"user-administration\/index\/index","entypo":"&#128100;","color":"#34495e","class":"user-administration", "hover_content" : "<p class=\"alternative\">This is the hover content, lol I feel funny</p>" },{"name":"User Type Administration","link":"user-administration\/user-type\/index","entypo":"&#128101;","color":"#34495e","class":"user-type-administration", "hover_content" : "<p class=\"alternative\">This is the hover content, lol I feel funny</p>" },{"name":"Afiliere - Pagina Personala","link":"shop\/affiliate\/index","entypo":"&#128101;","color":"#8e44ad","class":"affiliate-system-personal", "hover_content" : "<p class=\"alternative\">This is the hover content, lol I feel funny</p>" },{"name":"Ghidul Afiliatului","link":"shop\/affiliate\/guide","entypo":"&#128101;","color":"#8e44ad","class":"affiliate-system-guide", "hover_content" : "<p class=\"alternative\">This is the hover content, lol I feel funny</p>" },{"name":"Afiliere - Activitate Useri","link":"shop\/affiliate\/user-activity","entypo":"&#128101;","color":"#8e44ad","class":"affiliate-system-user-activity", "hover_content" : "<p class=\"alternative\">This is the hover content, lol I feel funny</p>" },{"name":"Statistici Afiliati","link":"shop\/affiliate-statistics\/index","entypo":"&#128101;","color":"#8e44ad","class":"affiliate-system-affiliate-statistics", "hover_content" : "<p class=\"alternative\">This is the hover content, lol I feel funny</p>" },{"name":"Afiliere - Statistici Ordine","link":"shop\/affiliate-orders\/index","entypo":"&#128101;","color":"#8e44ad","class":"affiliate-system-personal-orders-statistics"},{"name":"Afiliere - Statistici Ordine Globale","link":"shop\/affiliate-orders\/index","entypo":"&#128101;","color":"#8e44ad","class":"affiliate-system-global-orders-statistics"},{"name":"Order Servicing","link":"shop-servicing\/orders\/index","entypo":"&#128101;","color":"#d35400","class":"shop-servicing-handling"},{"name":"Invoices","link":"shop-servicing\/orders\/invoice-overview","entypo":"&#128101;","color":"#d35400","class":"shop-servicing-handling-invoices"},{"name":"Order Shipping","link":"shop-shipping\/orders\/index","entypo":"&#128101;","color":"#f1c40f","class":"shop-servicing-handling-shipping"},{"name":"Documente Administrative","link":"administration-files","entypo":"&#128101;","color":"#2980b9","class":"administration-documents"}]}